{
  "data": [
    [{
      "title" : "美食",
      "image" : "ms"
    },
    {
      "title" : "电影",
      "image" : "dy"
    },
    {
      "title" : "酒店",
      "image" : "jd"
    },
    {
      "title" : "休闲娱乐",
      "image" : "xxyl"
    },
    {
      "title" : "外卖",
      "image" : "wm"
    },
    {
      "title" : "自助餐",
      "image" : "zzc"
    },
    {
      "title" : "KTV",
      "image" : "ktv"
    },
    {
      "title" : "火车票机票",
      "image" : "hcpjp"
    },
    {
      "title" : "丽人",
      "image" : "lr"
    },
    {
        "title" : "周边游",
        "image" : "zby"
    }
    ],
    [
    {
      "title" : "足疗按摩",
      "image" : "zlam"
    },
    {
      "title" : "购物",
      "image" : "gw"
    },
    {
      "title" : "今日新单",
      "image" : "jrxd"
    },
    {
      "title" : "小吃快餐",
      "image" : "xckc"
    },
    {
      "title" : "生活服务",
      "image" : "shfw"
    },
      {
        "title" : "甜点饮品",
        "image" : "tdyp"
      },
    {
      "title" : "美甲",
      "image" : "mj"
    },
    {
      "title" : "景点门票",
      "image" : "jdmp"
    },
    {
      "title" : "旅游",
      "image" : "ly"
    },
    {
      "title" : "全部分类",
      "image" : "qbfl"
    }]
  ]
}