{
  "count": 4,
  "data": [
    {
      "detailurl": "imeituan://www.meituan.com/web/?url=http://i.meituan.com/shoppingmall/smDetail/4374715",
      "promotionIcon": "",
      "name": "正佳广场",
      "img": "http://p0.meituan.net/codeman/b4686ddc7270363868fcff917d3526cd37899.jpg",
      "showtext": {
        "text": "离我最近",
        "count": 84,
        "color": ""
      },
      "longitude": 113.327086,
      "latitude": 23.131909,
      "smid": 4374715,
      "promotionText": "送福利 商品低至1.5折"
    },
    {
      "detailurl": "imeituan://www.meituan.com/web/?url=http://i.meituan.com/shoppingmall/smDetail/50606658",
      "promotionIcon": "",
      "name": "白云万达广场",
      "img": "http://p0.meituan.net/codeman/c217fffcbf9b434844434a0acbdb434827837.jpg",
      "showtext": {
        "text": "55家优惠",
        "count": 55,
        "color": ""
      },
      "longitude": 113.26605,
      "latitude": 23.17151,
      "smid": 50606658,
      "promotionText": "春来花开 满100最高减60"
    },
    {
      "detailurl": "imeituan://www.meituan.com/web/?url=http://i.meituan.com/shoppingmall/smDetail/75813274",
      "promotionIcon": "",
      "name": "凯德广场●云尚",
      "img": "http://p0.meituan.net/codeman/2ad0711b7ffa9433bdc2577e7896082937607.jpg",
      "showtext": {
        "text": "61家优惠",
        "count": 61,
        "color": ""
      },
      "longitude": 113.269668,
      "latitude": 23.1818,
      "smid": 75813274,
      "promotionText": "新春送福利 购物满额有好礼"
    },
    {
      "detailurl": "imeituan://www.meituan.com/web/?url=http://i.meituan.com/shoppingmall/smDetail/41692498",
      "promotionIcon": "",
      "name": "来又来广场",
      "img": "http://p0.meituan.net/codeman/d675f4ad9b7ece9f0593db298beb082d31800.jpg",
      "showtext": {
        "text": "48家优惠",
        "count": 48,
        "color": ""
      },
      "longitude": 113.232008,
      "latitude": 23.397758,
      "smid": 41692498,
      "promotionText": "48家品牌优惠中：瑞可爷爷的店每满30减5，全单9折（买单立享）"
    }
  ],
  "tips": "全部4家",
  "jumpto": "imeituan://www.meituan.com/web/?url=http://i.meituan.com/shoppingmall/smList?sid=@geodist:asc"
}